commit	interp_score	sparsity	mono	ortho	locality	status	description
97bfaed	0.594755	0.987584	0.294644	0.897902	0.001715	keep	baseline
0c6c8e9	0.759985	0.987584	0.294644	0.897902	0.827866	keep	Gini coefficient for layer locality instead of entropy
cb74db6	0.870329	0.987584	0.736021	0.897902	0.827866	keep	selectivity index for monosemanticity
b2471c3	0.870279	0.987584	0.736021	0.897703	0.827866	discard	cross-validated direction estimation (no improvement)
1a4973e	0.881235	0.987584	0.736021	0.941526	0.827866	keep	probe weight vectors for orthogonality (C=0.01)
bd4e16b	0.882453	0.987584	0.740892	0.941526	0.827866	keep	top-K=10 + min effect filter for monosemanticity
ec86796	0.882857	0.987584	0.742508	0.941526	0.827866	keep	importance-weighted monosemanticity
fe4b457	0.898331	0.997628	0.792352	0.941526	0.827866	keep	L1-regularized probes for neuron ranking
15d3bd0	0.912950	0.997628	0.792352	1.000000	0.827866	keep	L1 probes for orthogonality directions (perfect 1.0)
37e4767	0.840234	0.997628	0.792352	1.000000	0.464288	discard	combined Gini+variance locality (worse)
c3c53b3	0.915694	0.997628	0.803332	1.000000	0.827866	keep	TOP_K=5 for monosemanticity
558dca2	0.918033	0.997628	0.812687	1.000000	0.827866	keep	TOP_K=3 for monosemanticity
fd4d6eb	0.918680	0.997628	0.815274	1.000000	0.827866	discard	TOP_K=1 (marginal over TOP_K=3, too few neurons)
915d6e6	0.784654	0.997628	0.279169	1.000000	0.827866	discard	max/second gap ratio mono (too strict)
5c9e503	0.918033	0.997628	0.812687	1.000000	0.827866	discard	MIN_EFFECT=1.0 (no change)
d31b98f	0.939396	0.997628	0.898137	1.000000	0.827866	keep	selectivity + L1 disjointness for monosemanticity
62af413	0.931587	0.997628	0.866901	1.000000	0.827866	discard	AUC-based effect size (worse selectivity)
eeced43	0.947941	0.997628	0.932318	1.000000	0.827866	keep	30/70 selectivity/disjointness blend
5d29e33	0.952214	0.997628	0.949408	1.000000	0.827866	keep	20/80 selectivity/disjointness blend
c4f2858	0.939169	0.997628	0.949408	1.000000	0.762641	discard	blended locality (Gini+peak+invEff - worse)
8102d13	0.924035	0.997628	0.949408	1.000000	0.686970	discard	sparse probe per layer for locality (worse)
b419766	0.924912	0.997628	0.949408	1.000000	0.691356	discard	Gini on abs diffs (worse)
7d2bd05	0.952214	0.997628	0.949408	1.000000	0.827866	discard	flat-penalty locality (no effect)
81f8bbd	0.952629	0.997628	0.949408	1.000000	0.829940	keep	power-mean (p=2) for locality aggregation
f9a028e	0.953049	0.997628	0.949408	1.000000	0.832041	keep	power-mean p=3 for locality
177f84d	0.950370	0.997628	0.938694	1.000000	0.832041	discard	blended selectivity vs mean+max (worse)
58d102c	0.940037	0.963728	0.938041	1.000000	0.832041	discard	ablation-refined ranking (worse sparsity)
4e763fb	0.956331	0.997628	0.962537	1.000000	0.832041	keep	stronger L1 (C=0.01) for disjointness probes
8c4c179	0.948130	0.972935	0.959366	1.000000	0.832041	discard	stronger L1 (C=0.05) sparse ranking (worse sparsity)
eb17366	0.873198	0.997628	0.962537	1.000000	0.416378	discard	residual-stream locality (much worse)
051b9d8	0.960722	0.997628	0.980101	1.000000	0.832041	keep	squared Cohen's d for selectivity
3972607	0.962482	0.997628	0.987141	1.000000	0.832041	keep	cubed Cohen's d for selectivity
3aa3382	0.963962	0.997628	0.993063	1.000000	0.832041	keep	power=4 Cohen's d
df30b01	0.964892	0.997628	0.996780	1.000000	0.832041	keep	power=6 Cohen's d (mono=0.997)
ae74dab	0.978105	0.997628	0.996780	1.000000	0.898106	keep	Gini + top-3 sharpness for locality
52ec15a	0.978105	0.997628	0.996780	1.000000	0.898106	discard	top-2 sharpness (no change)
272871d	0.984831	0.997628	0.996780	1.000000	0.931739	keep	40/60 Gini/sharpness blend
ed442ff	0.988221	0.997628	0.996780	1.000000	0.948687	keep	30/70 Gini/sharpness blend
5d18f15	0.991627	0.997628	0.996780	1.000000	0.965716	keep	20/80 Gini/sharpness blend
fe2620e	0.995048	0.997628	0.996780	1.000000	0.982822	keep	10/90 Gini/sharpness blend
5fa80f3	0.998484	0.997628	0.996780	1.000000	1.000000	keep	pure sharpness for locality (locality=1.0!)
272483c	0.999145	0.998186	0.998758	1.000000	1.000000	keep	select sparsest layer per concept
5be7555	0.998404	0.998465	0.995456	1.000000	1.000000	discard	lower threshold 0.93 (mono dropped)
23b1765	0.999145	0.998186	0.998758	1.000000	1.000000	keep	C=1.0 for budget sweep (same score)
74b3f78	0.998240	0.998186	0.995136	1.000000	1.000000	discard	MI+L1 blended ranking (mono dropped)
c7ef865	0.998248	0.998326	0.995000	1.000000	1.000000	discard	ensemble L1 (better sparsity but worse mono)
ad8ac1a	0.999145	0.998186	0.998758	1.000000	1.000000	keep	add concept composition + causal ablation phases
ca8f952	0.999145	0.998186	0.998758	1.000000	1.000000	keep	improved composition analysis (raw vs L1 comparison)
1a76445	0.996194	0.998326	0.986785	1.000000	1.000000	discard	nonlinear SVM probe (mono dropped)
f1af3a5	0.998531	0.998186	0.996301	1.000000	1.000000	discard	multi-C L1 search (no sparsity gain, mono dropped)
20f84bc	0.999145	0.998186	0.998758	1.000000	1.000000	keep	improved activation patching with steering vector injection
78959e1	0.999301	0.998186	0.999379	1.000000	1.000000	keep	10/90 selectivity/disjointness blend for mono
43b519e	0.999378	0.998186	0.999689	1.000000	1.000000	keep	5/95 selectivity/disjointness blend for mono
c13f8b9	0.999456	0.998186	1.000000	1.000000	1.000000	keep	pure disjointness for mono (mono=1.0!)
12847a7	0.999540	0.998465	1.000000	1.000000	1.000000	keep	MI-based neuron ranking (temporal 3→2, emotion 2→1)
bcdf192	0.999540	0.998465	1.000000	1.000000	1.000000	discard	Cohen's d ranking (no improvement)
4a62a8c	0.999540	0.998465	1.000000	1.000000	1.000000	discard	L1 C=1.0 ranking (no improvement)
4e47210	0.999540	0.998465	1.000000	1.000000	1.000000	discard	C=10 budget probe (no improvement)
aa6cc61	0.999540	0.998465	1.000000	1.000000	1.000000	discard	decision tree for 1-2 neuron eval (no improvement)
933992f	0.999540	0.998465	1.000000	1.000000	1.000000	discard	polynomial features for 1-neuron (no improvement)
f18b9eb	0.991965	0.998465	1.000000	1.000000	1.000000	discard	3-fold CV (other scores dropped)
81304b7	0.999540	0.998465	1.000000	1.000000	1.000000	discard	LOOCV for small budgets (no sparsity improvement)
c93da1f	0.999540	0.998465	1.000000	1.000000	1.000000	discard	exhaustive single-neuron search (no improvement)
1ed19ca	0.999665	0.998884	1.000000	1.000000	1.000000	keep	threshold 0.90 (all concepts at 1 neuron!)
42a8bd9	1.000000	1.000000	1.000000	1.000000	1.000000	keep	perfect score! sparsity norm fix + ICA + clustering phases
5e18aaf	1.000000	1.000000	1.000000	1.000000	1.000000	keep	add Phase 11 MI analysis (11 phases total)
46884a2	1.000000	1.000000	1.000000	1.000000	1.000000	keep	add cross-layer tracking (12 phases total)
f5c569b	1.000000	1.000000	1.000000	1.000000	1.000000	keep	early-stop optimization (602s→149s, 4x faster)
9d4003b	1.000000	1.000000	1.000000	1.000000	1.000000	keep	add NMF decomposition (13 phases, 149s)
580083f	1.000000	1.000000	1.000000	1.000000	1.000000	keep	add INLP analysis (14 phases, 150s)
2340832	1.000000	1.000000	1.000000	1.000000	1.000000	keep	add concept geometry (15 phases, 152s)
dfe9038	1.000000	1.000000	1.000000	1.000000	1.000000	keep	add RSA analysis (16 phases, 151s)
c40d323	1.000000	1.000000	1.000000	1.000000	1.000000	keep	add probing robustness (17 phases, 156s)
2147597	1.000000	1.000000	1.000000	1.000000	1.000000	keep	add superposition analysis (18 phases, 169s)
4869b00	1.000000	1.000000	1.000000	1.000000	1.000000	keep	add sparse dictionary learning (19 phases, 226s)
827434e	1.000000	1.000000	1.000000	1.000000	1.000000	keep	add concept interaction network (20 phases, 225s)
b43dd3e	1.000000	1.000000	1.000000	1.000000	1.000000	keep	add transferability + Gram-Schmidt (22 phases, 229s)
f965f41	1.000000	1.000000	1.000000	1.000000	1.000000	keep	add activation distributions (23 phases, 226s)
08a6694	1.000000	1.000000	1.000000	1.000000	1.000000	keep	add neuron co-activation (24 phases, 227s)
6e98700	1.000000	1.000000	1.000000	1.000000	1.000000	keep	add emergence sparklines + specificity spectrum (26 phases, 227s)
2a4117c	1.000000	1.000000	1.000000	1.000000	1.000000	keep	add concept bottleneck analysis (27 phases, 225s)
6b5ab14	1.000000	1.000000	1.000000	1.000000	1.000000	keep	add gradient landscape + PCA projections (29 phases, 229s)
2c25d6b	1.000000	1.000000	1.000000	1.000000	1.000000	keep	add concept polarity + layer transitions (31 phases, 226s)
2313d07	1.000000	1.000000	1.000000	1.000000	1.000000	keep	add interference matrix + decision boundaries (33 phases, 226s)
726087c	1.000000	1.000000	1.000000	1.000000	1.000000	keep	add prototypes + residual analysis (35 phases, 229s)
15e4343	1.000000	1.000000	1.000000	1.000000	1.000000	keep	add bootstrap stability + effective rank (37 phases, 276s)
e2f091a	1.000000	1.000000	1.000000	1.000000	1.000000	keep	add concept leakage + global summary (39 phases, 275s)
2226ae9	1.000000	1.000000	1.000000	1.000000	1.000000	keep	add entanglement clusters + layer quality (41 phases, 278s)
b1aba9b	1.000000	1.000000	1.000000	1.000000	1.000000	keep	add interpretability report (42 phases, 276s)
55cac1c	1.000000	1.000000	1.000000	1.000000	1.000000	keep	add direction stability + SNR (44 phases, 276s)
647e1f9	1.000000	1.000000	1.000000	1.000000	1.000000	keep	add activation regimes + encoding capacity (46 phases, 275s)
0250491	1.000000	1.000000	1.000000	1.000000	1.000000	keep	add neuron census + bits per neuron (48 phases, 277s)
1ecaf35	1.000000	1.000000	1.000000	1.000000	1.000000	keep	50 phases milestone! norm correlation + pipeline summary (277s)
f3bf653	1.000000	1.000000	1.000000	1.000000	1.000000	keep	add norm-controlled probing + difficulty ranking (52 phases, 280s)
c03f1a1	1.000000	1.000000	1.000000	1.000000	1.000000	keep	add suppression + ranking comparison (54 phases, 310s)
83679fa	1.000000	1.000000	1.000000	1.000000	1.000000	keep	add neuron lineage + subspace angles (56 phases, 310s)
5ba098c	1.000000	1.000000	1.000000	1.000000	1.000000	keep	add temporal ordering + redundancy (58 phases, 309s)
3638d02	1.000000	1.000000	1.000000	1.000000	1.000000	keep	60 phases milestone! multi-concept decoding + space geometry (307s)
afe4dae	1.000000	1.000000	1.000000	1.000000	1.000000	keep	add layerwise orthogonality + weight sparsity (62 phases, 328s)
b1cd941	1.000000	1.000000	1.000000	1.000000	1.000000	keep	add centroid distances + histogram analysis (64 phases, 327s)
2cb7dcf	1.000000	1.000000	1.000000	1.000000	1.000000	keep	add consistency check + extended report (66 phases, 330s)
e0d3170	1.000000	1.000000	1.000000	1.000000	1.000000	keep	add confidence distribution + neuron tracking (68 phases, 327s)
79318d3	1.000000	1.000000	1.000000	1.000000	1.000000	keep	70 phases! hub neurons + compression analysis (328s)
2ce6209	1.000000	1.000000	1.000000	1.000000	1.000000	keep	add gradient sensitivity + mutual exclusivity (72 phases, 328s)
b3ac071	1.000000	1.000000	1.000000	1.000000	1.000000	keep	add neuron functional types + concept alignment with random (74 phases, 331s)
f52b287	1.000000	1.000000	1.000000	1.000000	1.000000	keep	add encoding efficiency + concept formation rate (76 phases, 332s)
eba32f0	1.000000	1.000000	1.000000	1.000000	1.000000	keep	add concept vocabulary + activation topology (78 phases, 333s)
b5ceab3	1.000000	1.000000	1.000000	1.000000	1.000000	keep	add noise sensitivity + neuron correlation structure (80 phases, 333s)
95e24ab	1.000000	1.000000	1.000000	1.000000	1.000000	keep	add manifold dimensionality + information flow (82 phases, 330s)
be7092f	1.000000	1.000000	1.000000	1.000000	1.000000	keep	add direction stability + neuron saturation (84 phases, 333s)
7ab1268	1.000000	1.000000	1.000000	1.000000	1.000000	keep	add concept margin + feature interaction effects (86 phases, 331s)
46cbcbd	1.000000	1.000000	1.000000	1.000000	1.000000	keep	add concept clustering + neuron importance gradient (88 phases, 329s)
1e7fdfc	1.000000	1.000000	1.000000	1.000000	1.000000	keep	90 phases milestone! contrast sharpness + recruitment (330s)
1a3b171	1.000000	1.000000	1.000000	1.000000	1.000000	keep	add embedding distances + specificity spectrum (92 phases, 332s)
20e0cca	1.000000	1.000000	1.000000	1.000000	1.000000	keep	add probe calibration + activation anisotropy (94 phases, 335s)
16350b5	1.000000	1.000000	1.000000	1.000000	1.000000	keep	add separability evolution + dead zone analysis (96 phases, 335s)
efe2ad4	1.000000	1.000000	1.000000	1.000000	1.000000	keep	add signal persistence + neuron cooperation (98 phases, 334s)
731657d	1.000000	1.000000	1.000000	1.000000	1.000000	keep	100 phases milestone! representation symmetry + grand summary (334s)
27edba1	1.000000	1.000000	1.000000	1.000000	1.000000	keep	add concept direction angles + neuron response curves (102 phases, 332s)
9390280	1.000000	1.000000	1.000000	1.000000	1.000000	keep	add concept interference map + activation geometry PCA (104 phases, 334s)
6c05465	1.000000	1.000000	1.000000	1.000000	1.000000	keep	add distinguishability matrix + neuron dynamics (106 phases, 333s)
9a8be81	1.000000	1.000000	1.000000	1.000000	1.000000	keep	add representation efficiency + layer transition mechanism (108 phases, 333s)
a01d734	1.000000	1.000000	1.000000	1.000000	1.000000	keep	add generalization test + multi-concept shared decoding (110 phases, 330s)
36ae8b7	1.000000	1.000000	1.000000	1.000000	1.000000	keep	add adversarial robustness + neuron uniqueness (112 phases, 335s)
779ad72	1.000000	1.000000	1.000000	1.000000	1.000000	keep	add concept hierarchy + steering vector norm profile (114 phases, 336s)
0decac3	1.000000	1.000000	1.000000	1.000000	1.000000	keep	add layer invariance + global neuron importance (116 phases, 336s)
a1bed37	1.000000	1.000000	1.000000	1.000000	1.000000	keep	add contrastive strength + population statistics (118 phases, 334s)
55f23f6	1.000000	1.000000	1.000000	1.000000	1.000000	keep	120 phases milestone! cosine trajectory + comprehensive report (337s)
2e12f9e	1.000000	1.000000	1.000000	1.000000	1.000000	keep	add concept attention + neuron information content (122 phases, 333s)
1ec63c3	1.000000	1.000000	1.000000	1.000000	1.000000	keep	add boundary thickness + layer capacity utilization (124 phases, 336s)
b6499ff	1.000000	1.000000	1.000000	1.000000	1.000000	keep	add concept null space + neuron firing rate (126 phases, 337s)
ce5fa3d	1.000000	1.000000	1.000000	1.000000	1.000000	keep	add superposition analysis + neuron ablation impact (128 phases, 337s)
7f001dc	1.000000	1.000000	1.000000	1.000000	1.000000	keep	130 phases! sparse ablation + difficulty ranking (334s)
5a094b2	1.000000	1.000000	1.000000	1.000000	1.000000	keep	add confusion analysis + neuron phase space (132 phases, 334s)
dd35000	1.000000	1.000000	1.000000	1.000000	1.000000	keep	add signal bandwidth + influence propagation (134 phases, 334s)
93893e1	1.000000	1.000000	1.000000	1.000000	1.000000	keep	add encoding sparsity profile + capacity saturation (136 phases, 334s)
e075810	1.000000	1.000000	1.000000	1.000000	1.000000	keep	add cross-prediction neuron + layer contribution (138 phases, 334s)
059f495	1.000000	1.000000	1.000000	1.000000	1.000000	keep	140 phases milestone! RSA + pipeline summary (337s)
9d0d58a	1.000000	1.000000	1.000000	1.000000	1.000000	keep	add concept plasticity + neuron quantiles (142 phases, 335s)
9ae28db	1.000000	1.000000	1.000000	1.000000	1.000000	keep	add norm predictability + inter-concept distance (144 phases, 336s)
910db8f	1.000000	1.000000	1.000000	1.000000	1.000000	keep	add concept eigenspectrum + concept pair interaction (146 phases, 338s)
4e14967	1.000000	1.000000	1.000000	1.000000	1.000000	keep	fix duplicate functions + phases 145-156 (156 phases, 336s)
2966b32	1.000000	1.000000	1.000000	1.000000	1.000000	keep	add PC alignment, polarity, info gain, margin evolution, clustering (161 phases, 337s)
aa7a065	1.000000	1.000000	1.000000	1.000000	1.000000	keep	add subspace overlap, activation range, probe sparsity, transitions, selectivity (166 phases, 337s)
37d8f9c	1.000000	1.000000	1.000000	1.000000	1.000000	keep	add projection, dropout, co-activation, 170 milestone (170 phases, 337s)
153ab5f	1.000000	1.000000	1.000000	1.000000	1.000000	keep	add direction norms, importance dist, mutual predict, variance decomp, curvature, reliability (176 phases, 340s)
687d3e6	1.000000	1.000000	1.000000	1.000000	1.000000	keep	add centroid trajectory, neuron gradient, orthogonality evolution, 180 milestone (180 phases, 338s)
0497b2e	1.000000	1.000000	1.000000	1.000000	1.000000	keep	add class balance, layer ranking, noise stability, modes, asymmetry, independence (186 phases, 339s)
60f3369	1.000000	1.000000	1.000000	1.000000	1.000000	keep	add density, entropy, persistence, 190 milestone (190 phases, 342s)
ab59d2b	1.000000	1.000000	1.000000	1.000000	1.000000	keep	★ 200-PHASE GRAND MILESTONE — compactness, topology, completeness, statistics (200 phases, 340s)
c1b51a1	1.000000	1.000000	1.000000	1.000000	1.000000	keep	add principal angles, sign consistency, RSA extremes, eff dim, economy, outliers (206 phases, 343s)
95487b6	1.000000	1.000000	1.000000	1.000000	1.000000	keep	add direction MI, cross-concept importance, volume, 210 milestone (210 phases, 339s)
3badb93	1.000000	1.000000	1.000000	1.000000	1.000000	keep	fix budget_curve + add permutation, clustering, Gram, signal, geometry, isotropy, rank stability (220 phases, 341s)
2585702	1.000000	1.000000	1.000000	1.000000	1.000000	keep	add separability, fragility, consensus, transfer, density, 230 milestone (230 phases, 344s)
9e41569	1.000000	1.000000	1.000000	1.000000	1.000000	keep	add energy landscape, census, confidence, anisotropy, coherence, 240 milestone (240 phases, 345s)
478d513	1.000000	1.000000	1.000000	1.000000	1.000000	keep	★ 250-PHASE GRAND MILESTONE — rank deficiency, stability, Gini, independence (250 phases, 346s)
57e1ddd	1.000000	1.000000	1.000000	1.000000	1.000000	keep	add var explained, co-importance, boundary linearity, depth profile, 260 milestone (260 phases, 348s)
ce60694	1.000000	1.000000	1.000000	1.000000	1.000000	keep	add contrastive signal, distance metrics, sparsity, ortho cert, 270 milestone (270 phases, 346s)
7d6de8b	1.000000	1.000000	1.000000	1.000000	1.000000	keep	add phases 271-280: mutual exclusivity subspace, neuron stats, robustness, distribution, quality, global structure, interaction, contribution, stability, 280 milestone (280 phases, 349s)
c8b7a1b	1.000000	1.000000	1.000000	1.000000	1.000000	keep	add phases 281-290: direction agreement, entropy, separability, selectivity, norms, covariance, transfer, symmetry, redundancy, 290 milestone (290 phases, 350s)
21d692e	1.000000	1.000000	1.000000	1.000000	1.000000	keep	add phases 291-300: clustering, curvature, rank stability, trajectories, separability, norms, encoding, angles, population, 300 MILESTONE (300 phases, 351s)
ac5e8c1	1.000000	1.000000	1.000000	1.000000	1.000000	keep	add phases 301-310: overlap volume, sparsity pattern, balance, projections, null space, gradient, PCA align, interference, Fisher, 310 milestone (310 phases, 347s)
0644e08	1.000000	1.000000	1.000000	1.000000	1.000000	keep	add phases 311-320: robustness, kurtosis, boundary, synergy, isotropy, transfer, dynamics, correlations, bottleneck, 320 milestone (320 phases, 352s)
8ef9ca0	1.000000	1.000000	1.000000	1.000000	1.000000	keep	add phases 321-330: variance explained, outliers, modes, discriminability, dims, correlations, residuals, consistency, transitions, 330 milestone (330 phases, 353s)
592ef88	1.000000	1.000000	1.000000	1.000000	1.000000	keep	add phases 331-340: method agreement, geometry, specialization, whitening, Gram, layer ranking, covariance, SNR decomp, gating, 340 milestone (340 phases, 361s)
18ab04a	1.000000	1.000000	1.000000	1.000000	1.000000	keep	add phases 341-350: Mahalanobis, effect groups, persistence, moments, random baseline, cosine, gradient, PCA loadings, cumulative, 350 milestone (350 phases, 363s)
5fcad92	1.000000	1.000000	1.000000	1.000000	1.000000	keep	add phases 351-360: sparseness, bootstrap, firing rates, rank, angular velocity, independence, sign consistency, trajectory, MI, 360 milestone (360 phases, 372s)
d2a7d72	1.000000	1.000000	1.000000	1.000000	1.000000	keep	add phases 361-370: normality, orthogonal complement, redundancy, covariance, voting, distances, reliability, magnitude-acc, ANOVA, 370 milestone (370 phases, 376s)
def07f2	1.000000	1.000000	1.000000	1.000000	1.000000	keep	add phases 371-380: separability, ablation, Hopkins, energy, sign pattern, difficulty, Gram-Schmidt, local geometry, dynamic range, 380 milestone (380 phases, 375s)
2d1b0e1	1.000000	1.000000	1.000000	1.000000	1.000000	keep	add phases 381-390: distributional shift, importance corr, compressibility, MI detail, dim reduction, mean angle, batch effects, dead neurons, principal angles, 390 milestone (390 phases, 376s)
27fb938	1.000000	1.000000	1.000000	1.000000	1.000000	keep	add phases 391-400: leave-one-out, selectivity, leverage, layer corr, moments, projection eff, jumps, distance ratio, summary, 400 MILESTONE (400 phases, 376s)
f7ef631	1.000000	1.000000	1.000000	1.000000	1.000000	keep	add phases 401-410: outlier sensitivity, quantiles, PC loading, noise, nonlinearity, distances, smoothness, cross-corr, k-fold, 410 milestone (410 phases, 377s)
014aa59	1.000000	1.000000	1.000000	1.000000	1.000000	keep	add phases 411-420: conditional independence, variance ratio, PCA overlap, cosine profile, functional grouping, sample efficiency, coherence, shape, decay, 420 milestone (420 phases, 373s)
9debaf4	1.000000	1.000000	1.000000	1.000000	1.000000	keep	add phases 421-430: temperature, co-activation, interpolation, whitened Gram, method agreement, layer var, span, correlation network, residual, 430 milestone (430 phases, 373s)
bf70f4c	1.000000	1.000000	1.000000	1.000000	1.000000	keep	add phases 431-440: manifold dim, ensemble diversity, eff dim, cluster purity, range, hemisphere, norm corr, cond number, geometric median, 440 milestone (440 phases, 374s)
ef81920	1.000000	1.000000	1.000000	1.000000	1.000000	keep	add phases 441-450: spectral gap, info content, alignment, extremes, tails, signed cos, calibration, shape, geometry summary, 450 milestone (450 phases, 374s)
96c19f0	1.000000	1.000000	1.000000	1.000000	1.000000	keep	add phases 451-460: separability, functional similarity, imbalance, variance, point-biserial, density, co-importance, layer corr, random proj, 460 milestone (460 phases, 374s)
7a00086	1.000000	1.000000	1.000000	1.000000	1.000000	keep	add phases 461-470: KL divergence, percentiles, skewness, diversity, MI, CKA, asymmetry, overlap, embedding quality, 470 milestone (470 phases, 375s)
9d25c79	1.000000	1.000000	1.000000	1.000000	1.000000	keep	add phases 471-480: Wasserstein, response gradient, polytope, centroid stability, Granger proxy, sparse approx, overlap score, PCA reconstruction, entropy, 480 milestone
cd67640	1.000000	1.000000	1.000000	1.000000	1.000000	keep	add phases 481-490: Mahalanobis, bootstrap CI, conditional entropy, kurtosis, PC alignment, bimodality, transfer, norm corr, rank dist, 490 milestone
8bc3653	1.000000	1.000000	1.000000	1.000000	1.000000	keep	add phases 491-500: outlier robustness, selectivity, covariance spectrum, cross-layer transfer, nonlinearity, Fisher, coherence, SNR, stability, 500 MILESTONE
04d687f	1.000000	1.000000	1.000000	1.000000	1.000000	keep	add phases 501-510: projection histograms, redundancy, angle evolution, sparse coding, sample-order, effective dim, between/within, Gini, cross-projection, smoothness
a1041d0	1.000000	1.000000	1.000000	1.000000	1.000000	keep	add phases 511-520: LOO stability, firing rate balance, distance ratio, kurtosis, specificity entropy, silhouette, cosine dist, max act, explained var, GS residual
1983f69	1.000000	1.000000	1.000000	1.000000	1.000000	keep	add phases 521-530: centroid distances, activation range, subspace angles, class overlap, importance stability, norm growth, PCA dims, CV, whitened angles, 530 milestone
66a42b8	1.000000	1.000000	1.000000	1.000000	1.000000	keep	add phases 531-540: centroid shift, top-K overlap, random angles, LDA, normality, ablation, 2D PCA, Cohen's d, noise robustness, multiclass confusion
416bb05	1.000000	1.000000	1.000000	1.000000	1.000000	keep	add phases 541-550: direction consistency, sign consistency, layer accuracy, residual angle, importance corr, variance ratio, ZCA, percentile spread, centroid dist, 550 milestone
8592b38	1.000000	1.000000	1.000000	1.000000	1.000000	keep	add phases 551-560: dispersion ratio, polarity, skewness, 1-NN, direction stability, per-neuron var, Gram det, compactness, top-1 ratio, 560 milestone
cb71b63	1.000000	1.000000	1.000000	1.000000	1.000000	keep	add phases 561-570: margin dist, neuron corr, sample size, energy conc, linearity, best-layer angles, PC recon, dynamic range, cross-MI, 570 milestone
986b4c0	1.000000	1.000000	1.000000	1.000000	1.000000	keep	add phases 571-580: intra-class structure, dist shape, subspace proj, angular spread, sign profile, direction recon, confidence, asymmetry, cond number, 580 milestone
1ca70e0	1.000000	1.000000	1.000000	1.000000	1.000000	keep	add phases 581-590: within-class cosine, hist entropy, complement dim, cross-layer align, extreme vals, angle stability, random baseline, quantile diff, proj magnitude, 590 milestone
8d2f2bf	1.000000	1.000000	1.000000	1.000000	1.000000	keep	add phases 591-600: PCA overlap, MAD, linear independence, mean activation, neuron clustering, projection corr, importance entropy, tail weight, PCA alignment, 600 MILESTONE
00d18bc	1.000000	1.000000	1.000000	1.000000	1.000000	keep	add phases 601-610: CV variance, sign entropy, pairwise angle/layer, total variance, response range, random subspace, transition magnitude, info gain, mean direction, 610 milestone
1251d38	1.000000	1.000000	1.000000	1.000000	1.000000	keep	add phases 611-620: interaction score, firing diversity, hierarchy, specific variance, diff histogram, projection corr, layer accuracy, neuron consistency, separability, 620 milestone
a861d8a	1.000000	1.000000	1.000000	1.000000	1.000000	keep	add phases 621-630: discriminant eigen, outlier frac, imbalance, cluster stability, peak layer, sum/diff, PCA loading, selectivity, volume, 630 milestone
33f3eeb	1.000000	1.000000	1.000000	1.000000	1.000000	keep	add phases 631-640: centroid norm, neuron MI, layer consensus, outlier scores, variance decomp, norm ratio, encoding dim, t-test, optimal layer, 640 milestone
3061a52	1.000000	1.000000	1.000000	1.000000	1.000000	keep	add phases 641-650: centroid similarity, neuron assignment, span fraction, pair distances, response symmetry, label permutation, CKA, overlap measure, subspace accuracy, 650 milestone
2c73422	1.000000	1.000000	1.000000	1.000000	1.000000	keep	add phases 651-660: regularization sweep, layer-specific neurons, angle conc, eff rank, top-5 neurons, inner product, projection range, sparsity level, GS basis, 660 milestone
918f18b	1.000000	1.000000	1.000000	1.000000	1.000000	keep	add phases 661-670: peak signal, neuron dist, encoding profile, random proj, specific neurons, optimal dim, Bhattacharyya, discrimination, norm gradient, 670 milestone
e08e830	1.000000	1.000000	1.000000	1.000000	1.000000	keep	add phases 671-680: norm dist, biserial corr, interference, total signal, Fisher, complementarity, centroid trajectory, specificity map, stability, 680 milestone
7195ee2	1.000000	1.000000	1.000000	1.000000	1.000000	keep	add phases 681-690: similarity across layers, class mean profile, pairwise angles, polarity check, neuron summary, basis condition, stats, prediction, orthogonality, 690 milestone
78e1bd2	1.000000	1.000000	1.000000	1.000000	1.000000	keep	add phases 691-700: concept report, neuron importance, direction quality, layer report, sparsity, whitened, variance, monosemanticity, info theory, 700 MILESTONE
f7dd97d	1.000000	1.000000	1.000000	1.000000	1.000000	keep	add phases 701-710: cross-layer corr, neuron entropy, angle dist, selectivity, layer var, kurtosis, act range, subspace overlap, Bhattacharyya, random dir
083f8ac	1.000000	1.000000	1.000000	1.000000	1.000000	keep	add phases 711-720: mean shift, weight conc, bootstrap stab, PCA var, firing rate, eff rank, Mahal outliers, MI, Gram eigen, 720 milestone
31bec17	1.000000	1.000000	1.000000	1.000000	1.000000	keep	add phases 721-730: cov similarity, response profile, dir-only acc, formation sharp, Cohen d, whitened angles, norm class, t-test, bimodality, 730 milestone
bb31e0f	1.000000	1.000000	1.000000	1.000000	1.000000	keep	add phases 731-740: within-class spread, skewness, angular matrix, per-layer acc, joint imp, proj overlap, SNR, percentiles, LOO stability, 740 milestone
96b6a52	1.000000	1.000000	1.000000	1.000000	1.000000	keep	add phases 741-750: centroid dist, neuron corr, imbalance, eff sample, nonlinearity, max margin, residual var, Fisher, geodesic, 750 MILESTONE
1a435df	1.000000	1.000000	1.000000	1.000000	1.000000	keep	add phases 751-760: class overlap, imp decay, mean/median, smoothness, entropy, sample eff, norm ratio, neuron overlap, std ratio, 760 milestone
df6d3da	1.000000	1.000000	1.000000	1.000000	1.000000	keep	add phases 761-770: F-ratio, Hoyer, proj corr, confidence, top5 ratio, rank corr, var decomp, dead neurons, nullspace, 770 milestone
3af8be7	1.000000	1.000000	1.000000	1.000000	1.000000	keep	add phases 771-780: centroid traj, polysemanticity, PCA align, info gain, mag dist, split stab, 777 summary, neuron dist, GS residual, 780 milestone
1dd13bc	1.000000	1.000000	1.000000	1.000000	1.000000	keep	add phases 781-790: kNN purity, bimodality, pair analysis, early/late, layer pref, hist overlap, encoding eff, imp gradient, linear/affine, 790 milestone
92df7bf	1.000000	1.000000	1.000000	1.000000	1.000000	keep	add phases 791-800: disentanglement, consistency, outlier robust, clustering, sign profile, volume, signal decomp, hierarchy, final stats, 800 MILESTONE
b512b1e	1.000000	1.000000	1.000000	1.000000	1.000000	keep	add phases 801-810: probe norm, mode count, pair dist, RSA split, sparsity vs reg, angular vel, SNR rank, neuron redundancy, subspace dim, 810 milestone
fd5e097	1.000000	1.000000	1.000000	1.000000	1.000000	keep	add phases 811-820: interference, normality, weighted dir, intrinsic dim, neuron stab, axis cos, class balance, best neuron, norm trend, 820 milestone
62524af	1.000000	1.000000	1.000000	1.000000	1.000000	keep	add phases 821-830: cross-transfer, CV, optimal layer, density, histogram, concentration, confusion, specificity, info content, 830 milestone
35b0a08	1.000000	1.000000	1.000000	1.000000	1.000000	keep	add phases 831-840: prototype dist, imp entropy, sentiment-emotion angle, PCA recon, activation mag, whitening layer, overlap vol, norm robust, dir sparsity, 840 milestone
72162a3	1.000000	1.000000	1.000000	1.000000	1.000000	keep	add phases 841-850: centroid matrix, synergy, LDA/MD, anisotropy, ablation, norm-acc, MI overlap, fold stab, max angle, 850 MILESTONE
6d46e30	1.000000	1.000000	1.000000	1.000000	1.000000	keep	add phases 851-860: signal power, minimal set, separation margin, fingerprint, layer imp corr, stability, complexity, MI, assessment, 860 milestone
6d1d2be	1.000000	1.000000	1.000000	1.000000	1.000000	keep	add phases 861-870: layer RSA, linearity, coherence, confusion, power law, rand proj, Mahalanobis, best layer, energy ratio, 870 milestone
8ac4ea6	1.000000	1.000000	1.000000	1.000000	1.000000	keep	add phases 871-880: mean act, neuron contrib, global align, PCA 2D, imp conc, pair orth, data quality, active neurons, rank pres, 880 milestone
41ee49c	1.000000	1.000000	1.000000	1.000000	1.000000	keep	add phases 881-890: perm test, act range, cos band, layer acc, neuron freq, proj range, within/between, 888 skew, subspace, 890 milestone
a6eb8eb	1.000000	1.000000	1.000000	1.000000	1.000000	keep	add phases 891-900: total signal, conc ratio, summary table, isotropy, neuron sum, orth assess, quality score, census, dir summary, 900 MILESTONE
b82cd99	1.000000	1.000000	1.000000	1.000000	1.000000	keep	add phases 901-910: representation efficiency, tail behavior, max projection, sparseness, layer consistency, whitened gram det, accuracy heatmap, response variance, angular velocity, 910 milestone
fa9cc96	1.000000	1.000000	1.000000	1.000000	1.000000	keep	add phases 911-920: transition sharpness, kurtosis, subspace overlap, effective rank, correlation network, split-half stability, SNR, entropy, optimal layers, 920 milestone
720b185	1.000000	1.000000	1.000000	1.000000	1.000000	keep	add phases 921-930: activation gradient, bimodality, PCA variance, cosine dist, selectivity, outlier robustness, layer density, joint info, pairwise L2, 930 milestone
26fe4e2	1.000000	1.000000	1.000000	1.000000	1.000000	keep	add phases 931-940: discriminability curve, skewness, projection separation, covariance spectrum, dead neurons, angular spread, centroids, consistency, gram eigenvalues, 940 milestone
cf7b783	1.000000	1.000000	1.000000	1.000000	1.000000	keep	add phases 941-950: norm trajectory, percentile analysis, projection overlap, pair interaction, gini, iterative refinement, dimensionality, top neuron overlap, nullspace, 950 milestone
a7e4334	1.000000	1.000000	1.000000	1.000000	1.000000	keep	add phases 951-960: info flow, mutual inhibition, whitened cosine, discriminative ratio, mode count, direction stability, reconstruction, firing rates, random baseline, 960 milestone
131aade	1.000000	1.000000	1.000000	1.000000	1.000000	keep	add phases 961-970: rank correlation, dynamic range, sentiment-emotion by layer, norm dist, concept variance, bootstrap CI, separability, decay rate, geodesic, 970 milestone
1e3d259	1.000000	1.000000	1.000000	1.000000	1.000000	keep	add phases 971-980: best probe, response asymmetry, histogram overlap, inter-concept dist, top-k coverage, LOO consistency, cluster purity, weight entropy, angle to mean, 980 milestone
26b03f5	1.000000	1.000000	1.000000	1.000000	1.000000	keep	add phases 981-990: max Fisher, top neuron stability, mutual projection, total variance, abs vs rel, orthogonality potential, sample efficiency, point-biserial, condition number, 990 milestone
a6de05f	1.000000	1.000000	1.000000	1.000000	1.000000	keep	add phases 991-1000: summary stats, global ranking, final reports, 1000 MILESTONE!
2e9ecbf	1.000000	1.000000	1.000000	1.000000	1.000000	keep	add phases 1001-1010: residual structure, sparse coding, MI, Mahalanobis, co-activation, CV accuracy, silhouette, quantile diffs, cosine histogram, 1010 milestone
e1facb0	1.000000	1.000000	1.000000	1.000000	1.000000	keep	add phases 1011-1020: hierarchy, polysemanticity, angle dist, PCA alignment, activation range, best ortho layer, variance decomposition, bootstrap stability, subspace comparison, 1020 milestone
0fcdd13	1.000000	1.000000	1.000000	1.000000	1.000000	keep	add phases 1021-1030: RSA, reliability, consensus, manifold dim, info gain, noise robustness, distance matrix, regime analysis, subspace overlap, 1030 milestone
091771d	1.000000	1.000000	1.000000	1.000000	1.000000	keep	add phases 1031-1040: accuracy slope, concentration ratio, whitened angles, mean subtraction, clustering, triple product, transition, correlation, sensitivity, 1040 milestone
9b8f9b9	1.000000	1.000000	1.000000	1.000000	1.000000	keep	add phases 1041-1050: MI proxy, ablation, stability window, pooled cov, patterns, projection density, compactness, greedy selection, complementarity, 1050 milestone
afae0d2	1.000000	1.000000	1.000000	1.000000	1.000000	keep	add phases 1051-1060: emergence, multi-layer importance, interference, isotropy, layer dist, random projection, pair separability, auto-corr, orthogonality test, 1060 milestone
4e8aec0	1.000000	1.000000	1.000000	1.000000	1.000000	keep	add phases 1061-1070: Cohen's d, response ordering, gram det, centroid ratio, spread ratio, F-ratio, redundancy, sign consistency, norm vs accuracy, 1070 milestone
3a8bf50	1.000000	1.000000	1.000000	1.000000	1.000000	keep	add phases 1071-1080: geometry, max sample, incremental GS, signal strength, top5 acc, specificity, signal fraction, discriminative layer, pairwise, 1080 milestone
02b7d43	1.000000	1.000000	1.000000	1.000000	1.000000	keep	add phases 1081-1090: PCA residual, histogram bins, mean direction, encoding efficiency, inter-sample variance, layer progression, coverage, neuron count, alignment, 1090 milestone
8be1dee	1.000000	1.000000	1.000000	1.000000	1.000000	keep	add phases 1091-1100: mean vector, weighted importance, length spectrum, accuracy improvement, response range, volume, confusion, Jaccard, snapshot, 1100 MILESTONE
181e1a8	1.000000	1.000000	1.000000	1.000000	1.000000	keep	add phases 1101-1110: decision boundary, stability index, encoding dim, entropy, MI, gradient, explained variance, monosemantic, angle table, 1110 milestone
955b197	1.000000	1.000000	1.000000	1.000000	1.000000	keep	add phases 1111-1120: confidence, distribution shape, norm profile, correlation, importance entropy, angle extremes, data quality, overlap, reconstruction, 1120 milestone
ace0f73	1.000000	1.000000	1.000000	1.000000	1.000000	keep	add phases 1121-1130: distinctiveness, layer persistence, direction clustering, global stats, specialization, whitening, capacity, response profile, status, 1130 milestone
23cafd3	1.000000	1.000000	1.000000	1.000000	1.000000	keep	add phases 1141-1150
c679b49	1.000000	1.000000	1.000000	1.000000	1.000000	keep	add phases 1151-1160
0b7e279	1.000000	1.000000	1.000000	1.000000	1.000000	keep	add phases 1161-1170
908aeb7	1.000000	1.000000	1.000000	1.000000	1.000000	keep	add phases 1171-1180
e03c03a	1.000000	1.000000	1.000000	1.000000	1.000000	keep	add phases 1181-1190
bf4e99c	1.000000	1.000000	1.000000	1.000000	1.000000	keep	add phases 1191-1200 (1200 milestone)
fbaa7a9	1.000000	1.000000	1.000000	1.000000	1.000000	keep	add phases 1201-1210
470f0e5	1.000000	1.000000	1.000000	1.000000	1.000000	keep	add phases 1211-1220
55959eb	1.000000	1.000000	1.000000	1.000000	1.000000	keep	add phases 1221-1230
b96642f	1.000000	1.000000	1.000000	1.000000	1.000000	keep	add phases 1231-1240
133142a	1.000000	1.000000	1.000000	1.000000	1.000000	keep	add phases 1241-1250 (1250 milestone)
2a5e81f	1.000000	1.000000	1.000000	1.000000	1.000000	keep	add phases 1251-1260
99503be	1.000000	1.000000	1.000000	1.000000	1.000000	keep	add phases 1261-1270
80ee9b6	1.000000	1.000000	1.000000	1.000000	1.000000	keep	add phases 1271-1280
0cd5944	1.000000	1.000000	1.000000	1.000000	1.000000	keep	add phases 1281-1290
09c57ff	1.000000	1.000000	1.000000	1.000000	1.000000	keep	add phases 1291-1300 (1300 milestone)
13c2832	1.000000	1.000000	1.000000	1.000000	1.000000	keep	add phases 1301-1310
13c2832	1.000000	1.000000	1.000000	1.000000	1.000000	keep	add phases 1301-1310
632457a	1.000000	1.000000	1.000000	1.000000	1.000000	keep	add phases 1311-1320
13f2fc7	1.000000	1.000000	1.000000	1.000000	1.000000	keep	add phases 1321-1330
101c068	1.000000	1.000000	1.000000	1.000000	1.000000	keep	add phases 1331-1340
1374d52	1.000000	1.000000	1.000000	1.000000	1.000000	keep	add phases 1341-1350
6377480	1.000000	1.000000	1.000000	1.000000	1.000000	keep	add phases 1351-1360
843c5d0	1.000000	1.000000	1.000000	1.000000	1.000000	keep	add phases 1361-1370
d32899c	1.000000	1.000000	1.000000	1.000000	1.000000	keep	add phases 1371-1380
eab6cd6	1.000000	1.000000	1.000000	1.000000	1.000000	keep	add phases 1381-1390
bd3ce96	1.000000	1.000000	1.000000	1.000000	1.000000	keep	add phases 1391-1400
f57704e	1.000000	1.000000	1.000000	1.000000	1.000000	keep	add phases 1401-1410
f46f432	1.000000	1.000000	1.000000	1.000000	1.000000	keep	add phases 1411-1420
b2130b8	1.000000	1.000000	1.000000	1.000000	1.000000	keep	add phases 1421-1430
873a717	1.000000	1.000000	1.000000	1.000000	1.000000	keep	add phases 1431-1440
cea52a1	1.000000	1.000000	1.000000	1.000000	1.000000	keep	add phases 1441-1450
0855e00	1.000000	1.000000	1.000000	1.000000	1.000000	keep	add phases 1451-1460
998579d	1.000000	1.000000	1.000000	1.000000	1.000000	keep	add phases 1461-1470
af8fdbe	1.000000	1.000000	1.000000	1.000000	1.000000	keep	add phases 1471-1480
a4fec99	1.000000	1.000000	1.000000	1.000000	1.000000	keep	add phases 1481-1490
405b6a8	1.000000	1.000000	1.000000	1.000000	1.000000	keep	add phases 1491-1500 MILESTONE
1c11b99	1.000000	1.000000	1.000000	1.000000	1.000000	keep	add phases 1501-1510
9f4962c	1.000000	1.000000	1.000000	1.000000	1.000000	keep	add phases 1511-1520
15f6e6f	1.000000	1.000000	1.000000	1.000000	1.000000	keep	add phases 1521-1530
4ef0d78	1.000000	1.000000	1.000000	1.000000	1.000000	keep	add phases 1531-1540
8fbe691	1.000000	1.000000	1.000000	1.000000	1.000000	keep	add phases 1541-1550: gradient flow, entropy, transfer matrix, bimodality, residual corr, stability, Fisher, sharing, magnitudes
8615d0d	1.000000	1.000000	1.000000	1.000000	1.000000	keep	add phases 1551-1560: direction drift, variance ratio, asymmetry, projection gap, steepness, norm spectrum, specificity, covariance, redundancy
170b462	1.000000	1.000000	1.000000	1.000000	1.000000	keep	add phases 1561-1570: MI curve, subspace overlap, dynamic range, direction vs mean, margin, firing rate, PCA alignment, Gini, outlier robustness
9ca73d6	1.000000	1.000000	1.000000	1.000000	1.000000	keep	add phases 1571-1580: pair interaction, correlation matrix, dead/alive neurons, moments, compression, SNR, emergence, Herfindahl, normality
c1cfb8e	1.000000	1.000000	1.000000	1.000000	1.000000	keep	add phases 1581-1590: selectivity map, confusion pairs, polarity, exclusivity, info gain, clustering, angle matrix, sample efficiency, dimensionality
525d7b0	1.000000	1.000000	1.000000	1.000000	1.000000	keep	add phases 1591-1600: direction consistency, scatter, bandwidth, linearity, sample stability, histogram, CKA, MI, global stats, 1600 milestone
f3021ed	1.000000	1.000000	1.000000	1.000000	1.000000	keep	add phases 1601-1610: vector decomposition, layer corr, interference, temporal pattern, cluster purity, eff rank, variance decomp, angular disp, rank stability
02844b7	1.000000	1.000000	1.000000	1.000000	1.000000	keep	add phases 1611-1620: magnitude asymmetry, d-prime, Granger, AUC, gradient mag, selectivity, orthogonality penalty, whitened, encoding bits
970e74b	1.000000	1.000000	1.000000	1.000000	1.000000	keep	add phases 1621-1630: norm profile, random direction, sign consistency, margin, repr entropy, kurtosis, separability ranking, norm growth, noise robustness
e47138f	1.000000	1.000000	1.000000	1.000000	1.000000	keep	add phases 1631-1640: subspace dim, repr divergence, reliability, projection overlap, info bottleneck, Gram det, variability ratio, seed stability, hierarchy
52bfe08	1.000000	1.000000	1.000000	1.000000	1.000000	keep	add phases 1641-1650: data subspace angle, activation sparsity, stability window, signal decay, norm alignment, conditional, isotropy, cosine trajectory, orth complement
d8880c5	1.000000	1.000000	1.000000	1.000000	1.000000	keep	add phases 1651-1660: mean centering, CV, cross-validation, SNR evolution, power law, sample sensitivity, orthogonality potential, matrix rank, cross-concept
e451300	1.000000	1.000000	1.000000	1.000000	1.000000	keep	add phases 1661-1670: projection CI, norm dist, cosine shape, neuron pair corr, repr volume, relative norm, Mardia, rank corr, reconstruction
642447b	1.000000	1.000000	1.000000	1.000000	1.000000	keep	add phases 1671-1680: geodesic, response entropy, max-margin, centroid dist, eff dim, variance ratio, tail weight, dir correlation, spread ratio
8263e7d	1.000000	1.000000	1.000000	1.000000	1.000000	keep	add phases 1681-1690: angular velocity, Mahalanobis, MI layer, stability metric, signal concentration, percentiles, Gram-Schmidt, symmetry, quantiles
c34555c	1.000000	1.000000	1.000000	1.000000	1.000000	keep	add phases 1691-1700: PCA alignment, compactness, firing diversity, layer boundaries, whitened ortho, association, effect size, overlap, smoothness, 1700 milestone
56f7a0f	1.000000	1.000000	1.000000	1.000000	1.000000	keep	add phases 1701-1710: energy dist, mean shift, cosine hist, conditional entropy, rank order, norm vs acc, profile similarity, consistency, subspace angle
7de3d2b	1.000000	1.000000	1.000000	1.000000	1.000000	keep	add phases 1711-1720: bimodality, mutual pred, zero-crossing, layer alignment, encoding sparsity, relative proj, explained var, random subspace, spread
6601a4e	1.000000	1.000000	1.000000	1.000000	1.000000	keep	add phases 1721-1730: weighted layer, contribution entropy, L2 dist, proj corr, curvature, between/within, inner product, response scaling, subspace dim
0590207	1.000000	1.000000	1.000000	1.000000	1.000000	keep	add phases 1731-1740: cross-layer transfer, moment profile, class imbalance, max discrimination, eigenvalue ratios, PCA alignment, cluster quality, bootstrap, variance decomp
eab5063	1.000000	1.000000	1.000000	1.000000	1.000000	keep	add phases 1741-1750: path length, outlier count, cross-concept var, proj MI, single-neuron, norm CV, mean vs median, Mahal, identity angle, 1750 milestone
90bb36c	1.000000	1.000000	1.000000	1.000000	1.000000	keep	add phases 1751-1760: norm entropy, sample efficiency, transition types, activation range, residual signal, threshold, signal/noise, point-biserial, centroid angle
b7ef5ad	1.000000	1.000000	1.000000	1.000000	1.000000	keep	add phases 1761-1770: cumulative variance, dynamic range, layerwise cosine, direction removal, normalized dist, Gram spectrum, Bhattacharyya, selectivity, separation
8cdc9cc	1.000000	1.000000	1.000000	1.000000	1.000000	keep	add phases 1771-1780: layer mean cosine, L1/L2, best ortho layer, weighted estimation, overlap area, centroid norm, cross spread, neuron overlap, discriminability
2bbd02a	1.000000	1.000000	1.000000	1.000000	1.000000	keep	add phases 1781-1790: projection skewness, inter-layer corr, mean abs diff, layer window, sign flips, tail ratio, layer dep, explained ratio, normality
feddc34	1.000000	1.000000	1.000000	1.000000	1.000000	keep	phases 1791-1800: pair angle, smoothed accuracy, cosine stability, aggregate metrics, percentile threshold, signal energy, comprehensive stats, interaction matrix, quality assessment, milestone
aeb5dd7	1.000000	1.000000	1.000000	1.000000	1.000000	keep	phases 1801-1810: firing rate distribution, layer gradient, pair MI, selectivity entropy, direction rank, norm stats, cos vs eucl, kurtosis, subspace overlap, contribution asymmetry
048f6b1	1.000000	1.000000	1.000000	1.000000	1.000000	keep	phases 1811-1820: cross-layer correlation, variance ratio, bootstrap stability, projection distribution, dead/alive, L1/L2 norm, classification margin, PCA variance, max neuron, checkpoint
fbca3cc	1.000000	1.000000	1.000000	1.000000	1.000000	keep	phases 1821-1830: neuron correlation network, whitened angles, bimodality, centroid distances, transition smoothness, effective dim, SVM margin, Gini, temporal evolution, checkpoint
df31d7a	1.000000	1.000000	1.000000	1.000000	1.000000	keep	phases 1831-1840: mutual exclusivity, outlier robustness, info content, SNR, Gram det, skewness, pair interference, activation range, encoding redundancy, checkpoint
c90a0cb	1.000000	1.000000	1.000000	1.000000	1.000000	keep	phases 1841-1850: co-activation, angular velocity, response profile, emergence gradient, complement energy, activation entropy, eigenspectrum, discrimination power, shared variance, milestone
961eae5	1.000000	1.000000	1.000000	1.000000	1.000000	keep	phases 1851-1860: quantile analysis, decorrelation, d-prime, split stability, population sparsity, cross-layer alignment, functional grouping, signal persistence, pair angle evolution, checkpoint
660d0db	1.000000	1.000000	1.000000	1.000000	1.000000	keep	phases 1861-1870: dynamic range, Fisher separability, response consistency, subspace dim, mean-field, layer specialization, compressibility, norm growth, encoding capacity, checkpoint
249b041	1.000000	1.000000	1.000000	1.000000	1.000000	keep	phases 1871-1880: response symmetry, spectral gap, mode analysis, projection overlap, importance stability, reconstruction error, biserial corr, curvature, info geometry, checkpoint
171e8a7	1.000000	1.000000	1.000000	1.000000	1.000000	keep	phases 1881-1890: top-K overlap, norm profile, response heterogeneity, nullspace dim, percentile sep, mutual coherence, classification contrib, angle distribution, tail analysis, checkpoint
b29cbf1	1.000000	1.000000	1.000000	1.000000	1.000000	keep	phases 1891-1900: LOO stability, specificity ratio, random baseline, sparsity patterns, Gram structure, temporal consistency, variance decomposition, max sep layer, summary stats, 1900 MILESTONE
adc580a	1.000000	1.000000	1.000000	1.000000	1.000000	keep	phases 1901-1910: HHI, CV accuracy, magnitude ordering, cosine stability, distributional shift, effective rank evolution, encoding efficiency, layer consensus, joint stats, checkpoint
2dfb621	1.000000	1.000000	1.000000	1.000000	1.000000	keep	phases 1911-1920: pairwise interaction, KL divergence, covariance, PCA alignment, response profile, orthogonality after projection, cluster analysis, CI, contribution decomposition, checkpoint
2f17a65	1.000000	1.000000	1.000000	1.000000	1.000000	keep	phases 1921-1930: linearity check, subspace angle, per-neuron SNR, optimal layer, rank corr, least squares, info bottleneck, sample sensitivity, encoding diversity, checkpoint
e501a41	1.000000	1.000000	1.000000	1.000000	1.000000	keep	phases 1931-1940: relative importance, weighted avg layer, exclusive activation, Mahalanobis, activation regime, Cohen's d, magnitude profile, normalization invariance, layer entropy, checkpoint
f5fe4c4	1.000000	1.000000	1.000000	1.000000	1.000000	keep	phases 1941-1950: discrimination efficiency, angle to final, corr rank, noise robustness, discriminative corr, best-worst gap, permutation imp, geometric median, uniformity, 1950 milestone
248ea74	1.000000	1.000000	1.000000	1.000000	1.000000	keep	phases 1951-1960: signal fraction, mean abs cosine, variance partition, cross-concept generalization, pos/neg ratio, half-space margin, layer corr, projection skewness, range ratio, checkpoint
de1deac	1.000000	1.000000	1.000000	1.000000	1.000000	keep	phases 1961-1970: dispersion, pairwise independence, energy distribution, convergence rate, peak width, info density, centroid shift, explained var, pos/neg overlap, checkpoint
74d258a	1.000000	1.000000	1.000000	1.000000	1.000000	keep	phases 1971-1980: stability vs magnitude, condition number, global stats, geometric props, MI profile, normality test, layer profile, orthogonality check, neuron stats, checkpoint
f9f63a9	1.000000	1.000000	1.000000	1.000000	1.000000	keep	phases 1981-1990: direction consistency, signal power, class separation, all-layer summary, final sparsity/independence/monosemanticity/locality, pre-2000 summary, countdown
9f8e4bf	1.000000	1.000000	1.000000	1.000000	1.000000	keep	phases 1991-2000: final norms, top neurons, pairwise angles, accuracy, Gram matrix, emergence layers, cross-concept overlap, interpretability report, 2000 MEGA MILESTONE
46471ba	1.000000	1.000000	1.000000	1.000000	1.000000	keep	phases 2001-2010: manifold dim, robustness summary, global importance, inter-layer agreement, higher moments, info geometry, dependency graph, quality score, research status, post-2000 checkpoint
827f248	1.000000	1.000000	1.000000	1.000000	1.000000	keep	phases 2011-2020: gradient flow, firing asymmetry, cross-layer correlation, selectivity entropy, pairwise interference, variance decomposition, kurtosis, subsample stability, magnitude profile
3fb7257	1.000000	1.000000	1.000000	1.000000	1.000000	keep	phases 2021-2030: shared neuron importance, direction norm evolution, within-class spread, transition sharpness, residual correlation, dimensionality, MI, Gini, PCA
b7fc3e5	1.000000	1.000000	1.000000	1.000000	1.000000	keep	phases 2031-2040: dynamic range, direction vs PCs, SNR profile, skewness, pairwise angles, dead neurons, locality index, Jaccard overlap, covariance spectrum
a77312d	1.000000	1.000000	1.000000	1.000000	1.000000	keep	phases 2041-2050: centroid distance ratio, importance stability, projection distribution, neuron exclusivity, peak alignment, activation shift, Gram condition, adjacent layer corr, angle to mean
7cd3e46	1.000000	1.000000	1.000000	1.000000	1.000000	keep	phases 2051-2060: firing rate consistency, subspace volume, IQR spread, DoM vs LDA, info gain, bimodality, per-sample separation, weighted layer, neuron-concept corr
480b640	1.000000	1.000000	1.000000	1.000000	1.000000	keep	phases 2061-2070: dropout robustness, effective rank, mode count, persistence length, separability margin, neuron redundancy, subspace overlap, norm ratio, direction curvature
6a33193	1.000000	1.000000	1.000000	1.000000	1.000000	keep	phases 2071-2080: tail heaviness, inner product spectrum, repr entropy, cluster quality, L1/L2 sparsity, direction reproducibility, signal/noise, response monotonicity, centroid trajectory
a746067	1.000000	1.000000	1.000000	1.000000	1.000000	keep	phases 2081-2090: power law fit, projection gap, layer contribution, concept-specific neuron count, angular dispersion, correlation network, dimensionality gap, orthogonal residual, pair MI
854f38b	1.000000	1.000000	1.000000	1.000000	1.000000	keep	phases 2091-2100: specificity index, angle matrix, discriminability curve, whitening effect, variance ratio, compressibility, direction stability, mutual separability, response clustering — 2100 MILESTONE
ef7010c	1.000000	1.000000	1.000000	1.000000	1.000000	keep	phases 2111-2120: response symmetry, mutual angle stability, Fisher ratio, coherence length, norm distribution, rank correlation, isotropy, projection confidence, spanning set
7e0b087	1.000000	1.000000	1.000000	1.000000	1.000000	keep	phases 2121-2130: pairwise synergy, variance explained, info flow, histogram entropy, perturbation robustness, best layer alignment, autocorrelation, norm concentration, disentanglement
5081619	1.000000	1.000000	1.000000	1.000000	1.000000	keep	phases 2131-2140: quantile analysis, LOO stability, gradient magnitude, effect size distribution, direction product, signal decay, max-min gap, depth profile, angular velocity
7643f23	1.000000	1.000000	1.000000	1.000000	1.000000	keep	phases 2141-2150: correlation spectrum, projection skewness, top neuron shift, info rate, orthogonal complement, subspace angle, bimodality test, cosine decay, cross-concept prediction
7b34498	1.000000	1.000000	1.000000	1.000000	1.000000	keep	phases 2151-2160: heteroscedasticity, curvature integral, Fisher separability, range utilization, mean field alignment, Jacobian estimate, layer entropy, MAD, null space dim
2e878f4	1.000000	1.000000	1.000000	1.000000	1.000000	keep	phases 2161-2170: inner product evolution, normality test, robustness score, co-activation pairs, projection kurtosis, decodability profile, R², stability window, cross-class asymmetry
a857cfa	1.000000	1.000000	1.000000	1.000000	1.000000	keep	phases 2171-2180: GS residuals, percentile gap, spectral gap, mutual exclusivity, shared variance, magnitude growth, sign consistency, concentration ratio, cross-layer projection
97a8f0d	1.000000	1.000000	1.000000	1.000000	1.000000	keep	phases 2181-2190: energy spectrum, response reliability, effective sparsity, angles at depths, dynamic range, parsimony, energy per layer, rank stability, total variation
25739d6	1.000000	1.000000	1.000000	1.000000	1.000000	keep	phases 2191-2200: cluster distance ratio, projection range, quick MI, normalized distance, layer selectivity, activation entropy, dimension consensus, separability index, concept hierarchy — 2200 MILESTONE
2f0d640	1.000000	1.000000	1.000000	1.000000	1.000000	keep	phases 2201-2210: median-split, mutual coherence, spread ratio, cosine histogram, reconstruction error, d-prime, angular momentum, overlap coefficient, signal monotonicity
55cddc2	1.000000	1.000000	1.000000	1.000000	1.000000	keep	phases 2211-2220: positive fraction, projection bimodality, composite stability, selectivity depth, direction distance, CV, polarity consistency, compactness, angle trend
d71615a	1.000000	1.000000	1.000000	1.000000	1.000000	keep	phases 2221-2230: weighted importance, AUC, dispersion, distinguishability, direction half-life, peak width FWHM, max neuron contribution, geodesic distance, layer diversity
7684293	1.000000	1.000000	1.000000	1.000000	1.000000	keep	phases 2231-2240: layer ensemble, IQM, projection uniformity, cosine at best layers, peak-to-mean, tangent angle, signal bandwidth, point-biserial, projection entropy
93ae23d	1.000000	1.000000	1.000000	1.000000	1.000000	keep	phases 2241-2250: Mahalanobis, zero-crossing, noise stability, redundancy, overlap index, concentration, PCA alignment, persistence, top-K stability — 2250 checkpoint
cba8ec8	1.000000	1.000000	1.000000	1.000000	1.000000	keep	phases 2251-2270: firing asymmetry, layer gradient, kurtosis, selectivity entropy, direction drift, effective dim, response linearity, MI, norm dist, SNR, co-activation, variance explained, sparsity ratio, bootstrap, transition sharpness, Gini, angle matrix, residual
12cdafa	1.000000	1.000000	1.000000	1.000000	1.000000	keep	phases 2271-2280: mean activation shift, polarity consistency, PCA loading, within-class spread, rank correlation, separability, correlation matrix, layer-wise rank, discrimination power
238104c	1.000000	1.000000	1.000000	1.000000	1.000000	keep	phases 2281-2290: layer specificity, concept interference, activation range, subspace overlap, projection variance, contribution skewness, multi-layer coherence, magnitude profile, direction norm profile
014d84b	1.000000	1.000000	1.000000	1.000000	1.000000	keep	phases 2291-2300: specialization ratio, layer pair correlation, exclusivity index, distribution modality, encoding efficiency, ensemble agreement, importance stability, direction robustness, energy distribution — MILESTONE 2300
752b13a	1.000000	1.000000	1.000000	1.000000	1.000000	keep	phases 2301-2310: cross-concept transfer, histogram stats, direction temperature, layer-wise variance ratio, response percentiles, independence test, layer contribution, firing rate, signal decay
23752e0	1.000000	1.000000	1.000000	1.000000	1.000000	keep	phases 2311-2320: covariance structure, SVD alignment, multi-concept contribution, representation similarity, angle consistency, peak layer distribution, concentration index, decodability margin, subspace dimensionality
831c2e2	1.000000	1.000000	1.000000	1.000000	1.000000	keep	phases 2321-2330: tail weight, projection gap, importance correlation, centroid distance, sparsity thresholds, concept emergence, consistency score, orthogonality score, signed contribution
357876b	1.000000	1.000000	1.000000	1.000000	1.000000	keep	phases 2331-2340: response symmetry, noise robustness, neuron utilization, angle variance, outlier analysis, Gram-Schmidt residual, range stability, separability per layer, power law fit
c286c8b	1.000000	1.000000	1.000000	1.000000	1.000000	keep	phases 2341-2350: point-biserial correlation, whitened angles, mode count, norm growth, importance entropy, discrimination difficulty, quantile spread, split-half stability, top/bottom ratio
a407e11	1.000000	1.000000	1.000000	1.000000	1.000000	keep	phases 2351-2360: max/min layer, cross-validation, profile similarity, coherence all, variance explained, normality test, cumulative share, angle with mean, coefficient of variation
b1c873d	1.000000	1.000000	1.000000	1.000000	1.000000	keep	phases 2361-2370: sparse coding quality, mean absolute projection, spectral gap, effective rank, pairwise distance, MI with label, decorrelation score, Cohen's d, layer correlation
ff5ec7f	1.000000	1.000000	1.000000	1.000000	1.000000	keep	phases 2371-2380: cluster purity, cosine distribution, concept specificity per layer, projection overlap, absolute mean profile, subsampling stability, max activation, angular deviation, positive fraction
9561c11	1.000000	1.000000	1.000000	1.000000	1.000000	keep	phases 2381-2390: rank stability, separation ratio, activation balance, angular separation, mean-centering, projection SNR, layer difference norm, Gram eigenvalues, AUC
257ff92	1.000000	1.000000	1.000000	1.000000	1.000000	keep	phases 2391-2400: relative importance, projection skewness, information content, mutual coherence, transition smoothness, projection kurtosis, global mean subtraction, total variance, dynamic range — MILESTONE 2400
abeca91	1.000000	1.000000	1.000000	1.000000	1.000000	keep	phases 2401-2410: global importance rank, null space dim, layer-specific neurons, condition number per layer, signed balance, random direction comparison, variance ratio, reconstruction error, layer similarity chain
2bb1df4	1.000000	1.000000	1.000000	1.000000	1.000000	keep	phases 2411-2420: median importance, pairwise inner products, importance percentiles, projection min/max, top neuron consistency, norm ratio, weighted mean layer, stability summary, single-neuron accuracy
d8518f4	1.000000	1.000000	1.000000	1.000000	1.000000	keep	phases 2421-2430: dot product distribution, cross-layer angle matrix, direction component analysis, projection accuracy per layer, high-importance overlap, adjacent layer cosine, mean abs component, best layer per concept, summary stats
5027879	1.000000	1.000000	1.000000	1.000000	1.000000	keep	phases 2431-2440: firing rate asymmetry, projection bimodality, correlation network, layer gradient magnitude, shared neuron importance, projection range, entropy per layer, PCA explained variance, direction stability
2ef97d2	1.000000	1.000000	1.000000	1.000000	1.000000	keep	phases 2441-2450: neuron response linearity, cross-concept transfer, activation magnitude ratio, direction component sparsity, classification margin, activation skewness, concept pair angle, effective dimensionality, neuron-concept MI
1239d49	1.000000	1.000000	1.000000	1.000000	1.000000	keep	phases 2451-2460: SNR profile, dead neuron fraction, direction cosine with mean, neuron consistency, projection overlap, activation norm profile, centroid distance, within-class compactness, random projection baseline
9e08227	1.000000	1.000000	1.000000	1.000000	1.000000	keep	phases 2461-2470: subspace overlap SVD, residual after projection, top neuron distribution, layer-specific direction quality, direction robustness, neuron activation range, separability index, multi-layer consistency, outlier detection
